shot_id,in_tc,out_tc,duration_sec,truth_class,source_surface,capture_id,action,editorial_text,audio_direction,publication_gate
S01,00:00.000,00:02.500,2.5,AUTHENTIC GAMEPLAY,GameWorldScene,CAP-001,"Hero visible in playable Braila with normal HUD; short idle/movement","ONE JOB.","city ambience; restrained start pulse","Exact captured build identity required for public use"
S02,00:02.500,00:06.000,3.5,AUTHENTIC GAMEPLAY,PlayerSmartphone Delivery,CAP-002,"Open Player Phone; show CURRENT DELIVERY; close phone","CHECK THE DELIVERY.","real phone/UI audio if cleared","No edited route/reward/status values"
S03,00:06.000,00:09.000,3.0,AUTHENTIC GAMEPLAY,GameWorldScene,CAP-003,"Move toward current objective with real active transport","","movement/city ambience","Do not distort gameplay speed"
S04,00:09.000,00:12.500,3.5,AUTHENTIC GAMEPLAY,GameWorldScene pickup,CAP-004,"Perform legitimate pickup and retain resulting cargo state","PICK IT UP.","real action confirmation if cleared","Same order/delivery instance"
S05,00:12.500,00:17.000,4.5,AUTHENTIC GAMEPLAY,GameWorldScene + UrbanZoom,CAP-005,"Continue same job through Braila; optional legitimate zoom change","MOVE THROUGH BRĂILA.","rhythm begins building","No aerial/live-action city substitute"
S06,00:17.000,00:20.500,3.5,AUTHENTIC GAMEPLAY,GameWorldScene delivery result,CAP-006,"Perform real delivery completion and hold authoritative result","DELIVER.","delivery confirmation; music lift begins","No post-produced settlement numbers"
S07,00:20.500,00:24.500,4.0,AUTHENTIC GAMEPLAY OR CINEMATIC TYPOGRAPHY,NarrativePresentation or real post-delivery frame,CAP-007,"Use real YOUR WORK LEAVES A MARK runtime beat if triggered; otherwise editorial typography only","YOUR WORK LEAVES A MARK.","restrained achievement lift","Never fabricate a fake runtime narrative card"
S08,00:24.500,00:27.000,2.5,AUTHENTIC GAMEPLAY,PlayerSmartphone Money & Assets,CAP-008,"Show actual post-delivery state or remain in world if phone is too dense","ONE STEP FORWARD.","music continues; UI tick if cleared","No implication that one delivery creates company/global empire"
S09,00:27.000,00:30.000,3.0,CINEMATIC / NON-GAMEPLAY,Brand end card over actual gameplay still,CAP-009,"Freeze/soften final gameplay frame; overlay approved wordmark","DROPi TYCOON | YOUR WORK LEAVES A MARK.","clean resolved cadence","No Available now/store badges/release date until release evidence exists"
